796819330502438,Full | U15 PVF vs U15 Stoke City 2-2 | Giao hữu Cup tứ hùng PVF 2017 (20/11/2017) 
957444424439927,"Lại đi thu thập các kênh xem Việt Nam - Nepal tối nay đây ^^ Ae có thể lựa chọn nơi nào xem OK thì xem nhé. 1.  - BL tiếng Thái  (link sạch, không vi phạm bản quyền) 2.  3. Hoặc 19h vào trang này livestream  4.  Ai còn thì comment link vào đây nha "
1063366713847697,
1060173847500317,
1058372817680420,
1058245461026489,
1058156117702090,
1055967257920976,
1054416401409395,
1054013328116369,
1052977861553249,
1051982448319457,
1052194094964959,
1048953665289002,
1048359032015132,
1047737282077307,
1046294905554878,
1043832699134432,
1042675999250102,
1041386752712360,
1042556052595430,
1040322642818771,Thông tin mới nhất từ đội tuyển Việt Nam tại Qatar!
1039452302905805,Văn Toàn trở lại 
1039404209577281,Bàn thắng mở tỷ số ấn tượng của Quang Hải trong trận đấu với Philippines tối qua!
1038758749641827,
1038571456327223,
993273937523642,
985069755010727,
983574768493559,
980118518839184,
979614262222943,
979656518885384,
977317485785954,
973818536135849,
973684699482566,
973159702868399,
972518832932486,"trước đứng với Nhật Hàn, cuối năm đứng với Lào Cam cứ thấy...hổng quen "
972033789647657,3 thế hệ nè ahihi )
972019642982405,
971693576348345,
971527733031596,
969465433237826,
969455839905452,
969437123240657,
969085026609200,"Chúng ta không thể thắng mãi được, nhưng chắc chắn sẽ mãi yêu đội tuyển chứ? "
968968079954228,
969013219949714,Cười sặc cả tiết canh 
968958669955169,
968208726696830,
968206040030432,
968098736707829,
967574323426937,
967176696800033,
967067363477633,
967053223479047,ahihi khi thêm tai mều và râu mều vào thì hai chú cháu cũng trẻ ngang nhao rùi đấy  Cre: Instagram
966937923490577,
966848473499522,
964951647022538,Lầy dữ trời oi Ad )
963945017123201,
963227293861640,
962719407245762,
962646170586419,Nín thở 
962700820580954,
962589900592046,
961839264000443,) Fan của cầu thủ này chắc chắn trả lời dễ như ăn kẹo...
960760507441652,
960733807444322,
959658990885137,
959655214218848,
959518467565856,Chưa được thể hiện một phút nào...
958839484300421,
957476607770042,
957316301119406,
956583491192687,
956624917855211,
956535814530788,
954069341444102,Ngày mai Ad sẽ cố gắng cập nhật link xem miễn phí cho cả nhà nhé 
953482574836112,
954267001424336,
954262171424819,
951970978320605,
950872768430426,Mới hôm kia còn tiếc cho Minh Vương thì hôm nay cậu ấy được gọi lên tuyển...Nhưng buồn cái là Thành Chung chấn thương phải ra về 
951140051737031,"Mình hóng được trang này thấy bảo livestream các môn của Asiad  Mọi người thử check xem sao, trong tình cảnh vẫn chưa mua bản quyền hihi ^^ >>  Ai có link sạch thì chia sẻ nhé  "
951028151748221,
948755658642137,
949992158518487,
949959355188434,
946845648833138,Khoảnh khắc khiến người hâm mộ thêm tin yêu thế hệ cầu thủ này 
946699665514403,
946668705517499,
945833032267733,
945550175629352,
945464645637905,
943291602521876,
942325752618461,
942639909253712,
941829552668081,
942251462625890,
941656692685367,
940666159451087,
